1785226790099	31557861376
1785226790361	31557861376
1785226790620	31557861376
1785226790875	31557861376
1785226791130	31584612352
1785226791386	31584612352
1785226791645	31584612352
1785226791903	31584612352
1785226792161	31584612352
1785226792419	31585574912
1785226792677	31585574912
1785226792936	31585574912
1785226793195	31585574912
1785226793453	31585574912
1785226793713	31585574912
1785226793971	31585574912
1785226794229	31585574912
1785226794486	31585574912
1785226794743	31585574912
1785226795002	31585574912
1785226795261	31585574912
1785226795521	31585574912
1785226795778	31585574912
1785226796034	31585574912
1785226796293	31585574912
1785226796551	31585574912
1785226796808	31585574912
1785226797064	31585574912
1785226797322	31585574912
1785226797581	31585574912
1785226797839	31585574912
1785226798094	31585574912
1785226798352	31585574912
1785226798610	31585574912
1785226798866	31585574912
1785226799124	31585574912
1785226799383	31585574912
1785226799642	31585574912
1785226799904	31585574912
1785226800162	31585574912
1785226800421	31585574912
1785226800680	31585574912
1785226800938	31585574912
1785226801197	31585574912
1785226801452	31585574912
1785226801710	31585574912
1785226801965	31585574912
1785226802222	31585574912
1785226802481	31585574912
1785226802738	31585574912
1785226802995	31585574912
1785226803255	31585574912
1785226803516	31585574912
1785226803774	31585574912
1785226804032	31585574912
1785226804290	31585574912
1785226804546	31585574912
1785226804802	31585574912
1785226805060	31585574912
1785226805318	31585574912
1785226805574	31585574912
1785226805832	31585574912
1785226806093	31585574912
1785226806351	31585574912
1785226806610	31585574912
1785226806865	31585574912
1785226807123	31585574912
1785226807381	31585574912
1785226807637	31585574912
1785226807894	31585574912
1785226808151	31585574912
1785226808411	31585574912
1785226808670	31585574912
1785226808926	31585574912
1785226809185	31585574912
1785226809440	31585574912
1785226809696	31585574912
1785226809955	31585574912
1785226810213	31585574912
1785226810471	31585574912
1785226810729	31585574912
1785226810984	31585574912
1785226811241	31585574912
1785226811496	31585574912
1785226811753	31585574912
1785226812012	31585574912
1785226812268	31585574912
1785226812524	31585574912
1785226812782	31585574912
1785226813040	31585574912
1785226813299	31585574912
1785226813556	31585574912
1785226813813	31586541568
1785226814072	31586541568
1785226814331	31586541568
1785226814589	31586541568
1785226814847	31586541568
1785226815103	31586541568
1785226815361	31586541568
1785226815619	31586541568
1785226815878	31586541568
1785226816135	31586541568
1785226816392	31586541568
1785226816652	31586541568
1785226816910	31586541568
1785226817168	31587508224
1785226817427	31587508224
1785226817686	31587508224
1785226817942	31587508224
1785226818200	31587508224
1785226818458	31587508224
1785226818713	31587508224
1785226818971	31587508224
1785226819229	31587508224
1785226819485	31587508224
1785226819743	31587508224
1785226820001	31587508224
1785226820259	31587508224
1785226820517	31587508224
1785226820774	31587508224
1785226821031	31587508224
1785226821289	31587508224
1785226821544	31587508224
1785226821803	31587508224
1785226822062	31587508224
1785226822318	31587508224
1785226822575	31587508224
1785226822834	31587508224
1785226823089	31587508224
1785226823345	31587508224
1785226823604	31587508224
1785226823862	31587508224
1785226824120	31587508224
1785226824379	31587508224
1785226824635	31587508224
1785226824890	31587508224
1785226825152	31587508224
1785226825409	31587520512
1785226825668	31587508224
1785226825925	31587508224
1785226826181	31587508224
1785226826439	31587508224
1785226826695	31587508224
1785226826956	31587508224
1785226827212	31587508224
1785226827470	31587508224
1785226827728	31587508224
1785226827985	31587508224
1785226828245	31587508224
1785226828501	31587508224
1785226828757	31587508224
1785226829013	31587508224
1785226829271	31587508224
1785226829528	31587508224
1785226829784	31587508224
1785226830041	31587508224
1785226830299	31587508224
1785226830557	31587508224
1785226830816	31587508224
1785226831074	31587508224
1785226831332	31587508224
1785226831587	31587508224
1785226831843	31587508224
1785226832099	31587508224
1785226832355	31587508224
1785226832614	31587508224
1785226832870	31587508224
1785226833128	31587508224
1785226833386	31587508224
1785226833642	31587508224
1785226833897	31587508224
1785226834153	31587508224
1785226834410	31587508224
1785226834668	31587508224
1785226834926	31587508224
1785226835184	31587508224
1785226835443	31587508224
1785226835702	31587508224
1785226835963	31587508224
1785226836221	31587508224
1785226836478	31587508224
1785226836736	31587508224
1785226836991	31587508224
1785226837249	31587508224
1785226837506	31587508224
1785226837763	31587508224
1785226838021	31587508224
1785226838279	31587508224
1785226838537	31588474880
1785226838794	31588474880
1785226839053	31588474880
1785226839310	31588474880
1785226839570	31588474880
1785226839827	31588474880
1785226840084	31588478976
1785226840343	31588474880
1785226840599	31588474880
1785226840856	31588474880
1785226841114	31588474880
1785226841371	31588474880
1785226841627	31588474880
1785226841885	31588474880
1785226842142	31589441536
1785226842398	31589441536
1785226842657	31589441536
1785226842914	31589441536
1785226843171	31589441536
1785226843428	31589441536
1785226843686	31589441536
1785226843942	31589441536
1785226844201	31589441536
1785226844458	31589441536
1785226844715	31589441536
1785226844974	31589441536
1785226845231	31589441536
1785226845487	31589441536
1785226845746	31589441536
1785226846003	31589441536
1785226846259	31589441536
1785226846517	31589441536
1785226846774	31589441536
1785226847031	31589441536
1785226847288	31589441536
1785226847547	31589441536
1785226847804	31589441536
1785226848061	31589441536
1785226848320	31589441536
1785226848579	31589441536
1785226848834	31589441536
1785226849091	31589441536
1785226849347	31589441536
1785226849604	31589441536
1785226849862	31589441536
1785226850120	31589441536
1785226850376	31589441536
1785226850633	31589441536
1785226850890	31589441536
1785226851150	31589441536
1785226851407	31589441536
1785226851666	31589441536
1785226851923	31589441536
1785226852181	31589441536
1785226852439	31589441536
1785226852696	31589441536
1785226852952	31589441536
1785226853210	31589441536
1785226853467	31589441536
1785226853724	31589441536
1785226853981	31589441536
1785226854238	31589441536
1785226854495	31589441536
1785226854754	31589441536
1785226855010	31589441536
1785226855268	31589441536
1785226855525	31589441536
1785226855782	31589441536
1785226856040	31589441536
1785226856297	31589441536
1785226856554	31589441536
1785226856811	31589441536
1785226857067	31589441536
1785226857324	31589441536
1785226857581	31589441536
1785226857838	31589441536
1785226858094	31589441536
1785226858354	31589441536
1785226858611	31589441536
1785226858868	31589441536
1785226859124	31589441536
1785226859382	31589441536
1785226859636	31589441536
1785226859892	31589441536
1785226860150	31589441536
1785226860406	31589441536
1785226860662	31589441536
1785226860919	31589441536
1785226861179	31589441536
1785226861436	31589441536
1785226861696	31589441536
1785226861953	31589441536
1785226862212	31589441536
1785226862469	31589441536
1785226862725	31589441536
1785226862982	31589441536
1785226863243	31590408192
1785226863500	31590408192
1785226863757	31590408192
1785226864014	31590408192
1785226864271	31590408192
1785226864531	31590408192
1785226864788	31590408192
1785226865047	31590412288
1785226865305	31590408192
1785226865563	31598796800
1785226865821	31598796800
1785226866078	31598800896
1785226866335	31598800896
1785226866593	31598800896
1785226866851	31598800896
1785226867107	31598800896
1785226867364	31598800896
1785226867622	31598800896
1785226867879	31598800896
1785226868136	31598800896
1785226868393	31598800896
1785226868652	31598800896
1785226868908	31598800896
1785226869166	31598800896
1785226869424	31598800896
1785226869681	31598800896
1785226869939	31598800896
1785226870196	31598800896
1785226870453	31598800896
1785226870710	31598800896
1785226870966	31598800896
1785226871223	31598800896
1785226871480	31598800896
1785226871738	31598800896
1785226871994	31598800896
1785226872251	31598800896
1785226872509	31598800896
1785226872765	31598800896
1785226873025	31598800896
1785226873281	31598800896
1785226873539	31598800896
1785226873795	31598800896
1785226874054	31598800896
1785226874313	31598800896
1785226874569	31598800896
1785226874827	31598800896
1785226875086	31598800896
1785226875344	31598800896
1785226875600	31598800896
1785226875860	31598800896
1785226876117	31598800896
1785226876374	31598800896
1785226876632	31598800896
1785226876893	31598800896
1785226877149	31598800896
1785226877406	31598800896
1785226877666	31598800896
1785226877923	31598800896
1785226878180	31598800896
1785226878437	31598800896
1785226878695	31598800896
1785226878952	31598800896
1785226879209	31598800896
1785226879466	31598800896
1785226879722	31598800896
1785226879983	31598800896
1785226880241	31598800896
1785226880497	31598800896
1785226880753	31598800896
1785226881010	31598800896
1785226881267	31598800896
1785226881523	31598800896
1785226881783	31598800896
1785226882039	31598800896
1785226882296	31598800896
1785226882552	31598800896
1785226882808	31598800896
1785226883064	31598800896
1785226883321	31598800896
1785226883578	31598800896
1785226883834	31598800896
1785226884090	31598800896
1785226884347	31598800896
1785226884604	31598800896
1785226884861	31598800896
1785226885119	31598800896
1785226885375	31598800896
1785226885632	31598800896
1785226885891	31598800896
1785226886148	31598800896
1785226886406	31598800896
1785226886662	31598800896
1785226886921	31598800896
1785226887178	31598800896
1785226887434	31598800896
1785226887690	31598800896
1785226887947	31599763456
1785226888203	31599763456
1785226888464	31599763456
1785226888723	31599763456
1785226888979	31599763456
1785226889235	31599763456
